{
  "test/integration/pages/RisksObjectPage.js": 1735822808168,
  "xs-app.json": 1735911608724,
  "test/integration/pages/RisksList.js": 1735822808168,
  "test/integration/opaTests.qunit.js": 1735822808160,
  "test/integration/FirstJourney.js": 1735822808180,
  "test/testsuite.qunit.js": 1735822808152,
  "i18n/i18n.properties": 1735822832388,
  "manifest.json": 1735891080678,
  "Component.js": 1735822808084,
  "Component-dbg.js": 1735822808084,
  "Component.js.map": 1735911614650,
  "test/integration/opaTests.qunit-dbg.js": 1735822808160,
  "test/integration/opaTests.qunit.js.map": 1735911614647,
  "test/integration/FirstJourney-dbg.js": 1735822808180,
  "test/integration/FirstJourney.js.map": 1735911614644,
  "test/testsuite.qunit-dbg.js": 1735822808152,
  "test/testsuite.qunit.js.map": 1735911614644,
  "test/integration/pages/RisksObjectPage-dbg.js": 1735822808168,
  "test/integration/pages/RisksObjectPage.js.map": 1735911614645,
  "test/integration/pages/RisksList-dbg.js": 1735822808168,
  "test/integration/pages/RisksList.js.map": 1735911614646,
  "Component-preload.js": 1735911614704,
  "Component-preload.js.map": 1735911614704,
  "test/integration/opaTests.qunit.html": 1735822808160,
  "test/testsuite.qunit.html": 1735822808140,
  "test/flpSandbox.html": 1735822808136,
  "index.html": 1735822808084
}